Category,LogName,Expression,ExpressionXML,WA,Priority,Severity,ID,Description,XPATH Provider,Calculated,Paste goes here,FinalExpression
Alert,Application,PublisherNameEqualMicrosoft-Windows-IIS-W3SVC-WPEventDisplayNumberEqual2216,"<And><Expression><SimpleExpression><ValueExpression><XPathQuery Type=""String"">PublisherName</XPathQuery></ValueExpression><Operator>Equal</Operator><ValueExpression><Value Type=""String"">Microsoft-Windows-IIS-W3SVC-WP</Value></ValueExpression></SimpleExpression></Expression><Expression><SimpleExpression><ValueExpression><XPathQuery>EventDisplayNumber</XPathQuery></ValueExpression><Operator>Equal</Operator><ValueExpression><Value>2216</Value></ValueExpression></SimpleExpression></Expression></And>",WA:This write action handle the alerts generation with description suppression applied in Windows Server 2012  ,1,1,Microsoft.Windows.InternetInformationServices.6.2.A.script.has.not.responded.within.the.configured.timeout.period,A script has not responded within the configured timeout period.,'Application!*[Application,[Provider[@Name='Microsoft-Windows-IIS-W3SVC-WP'] and (EventID=2216)]],*[System[Provider[@Name='Microsoft-Windows-IIS-W3SVC-WP'] and (EventID=2216)]],'Application!*[Application[Provider[@Name=\'Microsoft-Windows-IIS-W3SVC-WP\'] and (EventID=2216)]]'
Alert,Application,PublisherNameEqualMicrosoft-Windows-IIS-W3SVC-WPEventDisplayNumberEqual2221,"<And><Expression><SimpleExpression><ValueExpression><XPathQuery Type=""String"">PublisherName</XPathQuery></ValueExpression><Operator>Equal</Operator><ValueExpression><Value Type=""String"">Microsoft-Windows-IIS-W3SVC-WP</Value></ValueExpression></SimpleExpression></Expression><Expression><SimpleExpression><ValueExpression><XPathQuery>EventDisplayNumber</XPathQuery></ValueExpression><Operator>Equal</Operator><ValueExpression><Value>2221</Value></ValueExpression></SimpleExpression></Expression></And>",WA:This write action handle the alerts generation with description suppression applied in Windows Server 2012  ,1,1,Microsoft.Windows.InternetInformationServices.6.2.A.server.side.include.file.has.included.itself.or.the.maximum.depth.of.server.side.includes.has.been.exceeded,A server side include file has included itself or the maximum depth of server side includes has been exceeded,'Application!*[Application,[Provider[@Name='Microsoft-Windows-IIS-W3SVC-WP'] and (EventID=2221)]],*[System[Provider[@Name='Microsoft-Windows-IIS-W3SVC-WP'] and (EventID=2221)]],'Application!*[Application[Provider[@Name=\'Microsoft-Windows-IIS-W3SVC-WP\'] and (EventID=2221)]]'
Alert,System,EventDisplayNumberEqual5152PublisherNameEqualMicrosoft-Windows-WAS,"<And><Expression><SimpleExpression><ValueExpression><XPathQuery>EventDisplayNumber</XPathQuery></ValueExpression><Operator>Equal</Operator><ValueExpression><Value>5152</Value></ValueExpression></SimpleExpression></Expression><Expression><SimpleExpression><ValueExpression><XPathQuery Type=""String"">PublisherName</XPathQuery></ValueExpression><Operator>Equal</Operator><ValueExpression><Value Type=""String"">Microsoft-Windows-WAS</Value></ValueExpression></SimpleExpression></Expression></And>",WA:This write action handle the alerts generation with description suppression applied in Windows Server 2012  ,1,1,Microsoft.Windows.InternetInformationServices.6.2.Application.pool.has.an.IdleTimeout.equal.to.or.greater.than.the.PeriodicRestart.time,Application Pool has an IdleTimeout equal to or greater than the PeriodicRestart time,'System!*[System,[Provider[@Name='Microsoft-Windows-WAS'] and (EventID=5152)]],*[System[Provider[@Name='Microsoft-Windows-WAS'] and (EventID=5152)]],'System!*[System[Provider[@Name=\'Microsoft-Windows-WAS\'] and (EventID=5152)]]'
Alert,System,EventDisplayNumberMatchesRegularExpression^(5010|5011|5012|5013)$PublisherNameEqualMicrosoft-Windows-WAS,"<And><Expression><RegExExpression><ValueExpression><XPathQuery>EventDisplayNumber</XPathQuery></ValueExpression><Operator>MatchesRegularExpression</Operator><Pattern>^(5010|5011|5012|5013)$</Pattern></RegExExpression></Expression><Expression><SimpleExpression><ValueExpression><XPathQuery Type=""String"">PublisherName</XPathQuery></ValueExpression><Operator>Equal</Operator><ValueExpression><Value Type=""String"">Microsoft-Windows-WAS</Value></ValueExpression></SimpleExpression></Expression></And>",WA:,1,1,Microsoft.Windows.InternetInformationServices.6.2.Application.pool.worker.process.is.unresponsive,Application Pool worker process is unresponsive,'System!*[System,[Provider[@Name='Microsoft-Windows-WAS'] and (EventID=5010 or EventID=5011 or EventID=5012 or EventID=5013)]],*[System[Provider[@Name='Microsoft-Windows-WAS'] and (EventID=5010 or EventID=5011 or EventID=5012 or EventID=5013)]],'System!*[System[Provider[@Name=\'Microsoft-Windows-WAS\'] and (EventID=5010 or EventID=5011 or EventID=5012 or EventID=5013)]]'
Alert,System,EventDisplayNumberEqual5009PublisherNameEqualMicrosoft-Windows-WAS,"<And><Expression><SimpleExpression><ValueExpression><XPathQuery>EventDisplayNumber</XPathQuery></ValueExpression><Operator>Equal</Operator><ValueExpression><Value>5009</Value></ValueExpression></SimpleExpression></Expression><Expression><SimpleExpression><ValueExpression><XPathQuery Type=""String"">PublisherName</XPathQuery></ValueExpression><Operator>Equal</Operator><ValueExpression><Value Type=""String"">Microsoft-Windows-WAS</Value></ValueExpression></SimpleExpression></Expression></And>",WA:This write action handle the alerts generation with description suppression applied in Windows Server 2012  ,1,1,Microsoft.Windows.InternetInformationServices.6.2.Application.pool.worker.process.terminated.unexpectedly,Application Pool worker process terminated unexpectedly,'System!*[System,[Provider[@Name='Microsoft-Windows-WAS'] and (EventID=5009)]],*[System[Provider[@Name='Microsoft-Windows-WAS'] and (EventID=5009)]],'System!*[System[Provider[@Name=\'Microsoft-Windows-WAS\'] and (EventID=5009)]]'
Alert,Application,PublisherNameEqualActive Server PagesEventDisplayNumberMatchesRegularExpression^(500|499|23|22|21|20|19|18|17|16|9|8|7|6|5)$,"<And><Expression><SimpleExpression><ValueExpression><XPathQuery Type=""String"">PublisherName</XPathQuery></ValueExpression><Operator>Equal</Operator><ValueExpression><Value Type=""String"">Active Server Pages</Value></ValueExpression></SimpleExpression></Expression><Expression><RegExExpression><ValueExpression><XPathQuery>EventDisplayNumber</XPathQuery></ValueExpression><Operator>MatchesRegularExpression</Operator><Pattern>^(500|499|23|22|21|20|19|18|17|16|9|8|7|6|5)$</Pattern></RegExExpression></Expression></And>",WA:This write action handle the alerts generation with description suppression applied in Windows Server 2012  ,1,1,Microsoft.Windows.InternetInformationServices.6.2.ASP.application.error.occured,ASP application error occurred,'Application!*[Application,[Provider[@Name='Active Server Pages'] and (EventID=500 or EventID=499 or EventID=23 or EventID=22 or EventID=21 or EventID=20 or EventID=19 or EventID=18 or EventID=17 or EventID=16 or EventID=9 or EventID=8 or EventID=7 or EventID=6 or EventID=5)]],*[System[Provider[@Name='Active Server Pages'] and (EventID=500 or EventID=499 or EventID=23 or EventID=22 or EventID=21 or EventID=20 or EventID=19 or EventID=18 or EventID=17 or EventID=16 or EventID=9 or EventID=8 or EventID=7 or EventID=6 or EventID=5)]],'Application!*[Application[Provider[@Name=\'Active Server Pages\'] and (EventID=500 or EventID=499 or EventID=23 or EventID=22 or EventID=21 or EventID=20 or EventID=19 or EventID=18 or EventID=17 or EventID=16 or EventID=9 or EventID=8 or EventID=7 or EventID=6 or EventID=5)]]'
Alert,System,PublisherNameEqualMicrosoft-Windows-IIS-W3SVCEventDisplayNumberEqual1037,"<And><Expression><SimpleExpression><ValueExpression><XPathQuery Type=""String"">PublisherName</XPathQuery></ValueExpression><Operator>Equal</Operator><ValueExpression><Value Type=""String"">Microsoft-Windows-IIS-W3SVC</Value></ValueExpression></SimpleExpression></Expression><Expression><SimpleExpression><ValueExpression><XPathQuery>EventDisplayNumber</XPathQuery></ValueExpression><Operator>Equal</Operator><ValueExpression><Value>1037</Value></ValueExpression></SimpleExpression></Expression></And>",WA:This write action handle the alerts generation with description suppression applied in Windows Server 2012  ,1,1,Microsoft.Windows.InternetInformationServices.6.2.HTTP.control.channel.for.the.WWW.Service.did.not.open,HTTP control channel for the WWW Service did not open,'System!*[System,[Provider[@Name='Microsoft-Windows-IIS-W3SVC'] and (EventID=1037)]],*[System[Provider[@Name='Microsoft-Windows-IIS-W3SVC'] and (EventID=1037)]],'System!*[System[Provider[@Name=\'Microsoft-Windows-IIS-W3SVC\'] and (EventID=1037)]]'
Alert,Application,PublisherNameEqualMicrosoft-Windows-IIS-W3SVC-WPEventDisplayNumberEqual2208,"<And><Expression><SimpleExpression><ValueExpression><XPathQuery Type=""String"">PublisherName</XPathQuery></ValueExpression><Operator>Equal</Operator><ValueExpression><Value Type=""String"">Microsoft-Windows-IIS-W3SVC-WP</Value></ValueExpression></SimpleExpression></Expression><Expression><SimpleExpression><ValueExpression><XPathQuery>EventDisplayNumber</XPathQuery></ValueExpression><Operator>Equal</Operator><ValueExpression><Value>2208</Value></ValueExpression></SimpleExpression></Expression></And>",WA:This write action handle the alerts generation with description suppression applied in Windows Server 2012  ,1,1,Microsoft.Windows.InternetInformationServices.6.2.HTTP.Server.could.not.create.a.client.connection.object.for.user,HTTP Server could not create a client connection object for user,'Application!*[Application,[Provider[@Name='Microsoft-Windows-IIS-W3SVC-WP'] and (EventID=2208)]],*[System[Provider[@Name='Microsoft-Windows-IIS-W3SVC-WP'] and (EventID=2208)]],'Application!*[Application[Provider[@Name=\'Microsoft-Windows-IIS-W3SVC-WP\'] and (EventID=2208)]]'
Alert,Application,PublisherNameEqualMicrosoft-Windows-IIS-W3SVC-WPEventDisplayNumberEqual2206,"<And><Expression><SimpleExpression><ValueExpression><XPathQuery Type=""String"">PublisherName</XPathQuery></ValueExpression><Operator>Equal</Operator><ValueExpression><Value Type=""String"">Microsoft-Windows-IIS-W3SVC-WP</Value></ValueExpression></SimpleExpression></Expression><Expression><SimpleExpression><ValueExpression><XPathQuery>EventDisplayNumber</XPathQuery></ValueExpression><Operator>Equal</Operator><ValueExpression><Value>2206</Value></ValueExpression></SimpleExpression></Expression></And>",WA:This write action handle the alerts generation with description suppression applied in Windows Server 2012  ,1,1,Microsoft.Windows.InternetInformationServices.6.2.HTTP.Server.could.not.create.the.main.connection.socket,HTTP Server could not create the main connection socket,'Application!*[Application,[Provider[@Name='Microsoft-Windows-IIS-W3SVC-WP'] and (EventID=2206)]],*[System[Provider[@Name='Microsoft-Windows-IIS-W3SVC-WP'] and (EventID=2206)]],'Application!*[Application[Provider[@Name=\'Microsoft-Windows-IIS-W3SVC-WP\'] and (EventID=2206)]]'
Alert,Application,PublisherNameEqualMicrosoft-Windows-IIS-W3SVC-WPEventDisplayNumberEqual2201,"<And><Expression><SimpleExpression><ValueExpression><XPathQuery Type=""String"">PublisherName</XPathQuery></ValueExpression><Operator>Equal</Operator><ValueExpression><Value Type=""String"">Microsoft-Windows-IIS-W3SVC-WP</Value></ValueExpression></SimpleExpression></Expression><Expression><SimpleExpression><ValueExpression><XPathQuery>EventDisplayNumber</XPathQuery></ValueExpression><Operator>Equal</Operator><ValueExpression><Value>2201</Value></ValueExpression></SimpleExpression></Expression></And>",WA:This write action handle the alerts generation with description suppression applied in Windows Server 2012  ,1,1,Microsoft.Windows.InternetInformationServices.6.2.HTTP.Server.could.not.initialize.its.security,HTTP Server could not initialize its security,'Application!*[Application,[Provider[@Name='Microsoft-Windows-IIS-W3SVC-WP'] and (EventID=2201)]],*[System[Provider[@Name='Microsoft-Windows-IIS-W3SVC-WP'] and (EventID=2201)]],'Application!*[Application[Provider[@Name=\'Microsoft-Windows-IIS-W3SVC-WP\'] and (EventID=2201)]]'
Alert,Application,PublisherNameEqualMicrosoft-Windows-IIS-W3SVC-WPEventDisplayNumberEqual2203,"<And><Expression><SimpleExpression><ValueExpression><XPathQuery Type=""String"">PublisherName</XPathQuery></ValueExpression><Operator>Equal</Operator><ValueExpression><Value Type=""String"">Microsoft-Windows-IIS-W3SVC-WP</Value></ValueExpression></SimpleExpression></Expression><Expression><SimpleExpression><ValueExpression><XPathQuery>EventDisplayNumber</XPathQuery></ValueExpression><Operator>Equal</Operator><ValueExpression><Value>2203</Value></ValueExpression></SimpleExpression></Expression></And>",WA:This write action handle the alerts generation with description suppression applied in Windows Server 2012  ,1,1,Microsoft.Windows.InternetInformationServices.6.2.HTTP.Server.could.not.initialize.the.socket.library,HTTP Server could not initialize the socket library,'Application!*[Application,[Provider[@Name='Microsoft-Windows-IIS-W3SVC-WP'] and (EventID=2203)]],*[System[Provider[@Name='Microsoft-Windows-IIS-W3SVC-WP'] and (EventID=2203)]],'Application!*[Application[Provider[@Name=\'Microsoft-Windows-IIS-W3SVC-WP\'] and (EventID=2203)]]'
Alert,Application,PublisherNameEqualMicrosoft-Windows-IIS-W3SVC-WPEventDisplayNumberEqual2204,"<And><Expression><SimpleExpression><ValueExpression><XPathQuery Type=""String"">PublisherName</XPathQuery></ValueExpression><Operator>Equal</Operator><ValueExpression><Value Type=""String"">Microsoft-Windows-IIS-W3SVC-WP</Value></ValueExpression></SimpleExpression></Expression><Expression><SimpleExpression><ValueExpression><XPathQuery>EventDisplayNumber</XPathQuery></ValueExpression><Operator>Equal</Operator><ValueExpression><Value>2204</Value></ValueExpression></SimpleExpression></Expression></And>",WA:This write action handle the alerts generation with description suppression applied in Windows Server 2012  ,1,1,Microsoft.Windows.InternetInformationServices.6.2.HTTP.Server.was.unable.to.initialize.due.to.a.shortage.of.available.memory,HTTP Server was unable to initialize due to a shortage of available memory,'Application!*[Application,[Provider[@Name='Microsoft-Windows-IIS-W3SVC-WP'] and (EventID=2204)]],*[System[Provider[@Name='Microsoft-Windows-IIS-W3SVC-WP'] and (EventID=2204)]],'Application!*[Application[Provider[@Name=\'Microsoft-Windows-IIS-W3SVC-WP\'] and (EventID=2204)]]'
Alert,Application,PublisherNameEqualMicrosoft-Windows-IIS-W3SVC-WPEventDisplayNumberMatchesRegularExpression^(2274|2268|2220|2219|2214)$,"<And><Expression><SimpleExpression><ValueExpression><XPathQuery Type=""String"">PublisherName</XPathQuery></ValueExpression><Operator>Equal</Operator><ValueExpression><Value Type=""String"">Microsoft-Windows-IIS-W3SVC-WP</Value></ValueExpression></SimpleExpression></Expression><Expression><RegExExpression><ValueExpression><XPathQuery>EventDisplayNumber</XPathQuery></ValueExpression><Operator>MatchesRegularExpression</Operator><Pattern>^(2274|2268|2220|2219|2214)$</Pattern></RegExExpression></Expression></And>",WA:This write action handle the alerts generation with description suppression applied in Windows Server 2012  ,1,1,Microsoft.Windows.InternetInformationServices.6.2.ISAPI.application.error.detected,ISAPI application error detected,'Application!*[Application,[Provider[@Name='Microsoft-Windows-IIS-W3SVC-WP'] and (EventID=2274 or EventID=2268 or EventID=2220 or EventID=2219 or EventID=2214)]],*[System[Provider[@Name='Microsoft-Windows-IIS-W3SVC-WP'] and (EventID=2274 or EventID=2268 or EventID=2220 or EventID=2219 or EventID=2214)]],'Application!*[Application[Provider[@Name=\'Microsoft-Windows-IIS-W3SVC-WP\'] and (EventID=2274 or EventID=2268 or EventID=2220 or EventID=2219 or EventID=2214)]]'
Alert,System,EventDisplayNumberMatchesRegularExpression^(5088|5061|5060)$PublisherNameEqualMicrosoft-Windows-WAS,"<And><Expression><RegExExpression><ValueExpression><XPathQuery>EventDisplayNumber</XPathQuery></ValueExpression><Operator>MatchesRegularExpression</Operator><Pattern>^(5088|5061|5060)$</Pattern></RegExExpression></Expression><Expression><SimpleExpression><ValueExpression><XPathQuery Type=""String"">PublisherName</XPathQuery></ValueExpression><Operator>Equal</Operator><ValueExpression><Value Type=""String"">Microsoft-Windows-WAS</Value></ValueExpression></SimpleExpression></Expression></And>",WA:This write action handle the alerts generation with description suppression applied in Windows Server 2012  ,1,1,Microsoft.Windows.InternetInformationServices.6.2.Job.object.associated.with.the.application.pool.encountered.an.error,Job object associated with the application pool encountered an error,'System!*[System,[Provider[@Name='Microsoft-Windows-WAS'] and (EventID=5088 or EventID=5061 or EventID=5060)]],*[System[Provider[@Name='Microsoft-Windows-WAS'] and (EventID=5088 or EventID=5061 or EventID=5060)]],'System!*[System[Provider[@Name=\'Microsoft-Windows-WAS\'] and (EventID=5088 or EventID=5061 or EventID=5060)]]'
Alert,Application,PublisherNameEqualMicrosoft-Windows-IIS-W3SVC-WPEventDisplayNumberEqual2296,"<And><Expression><SimpleExpression><ValueExpression><XPathQuery Type=""String"">PublisherName</XPathQuery></ValueExpression><Operator>Equal</Operator><ValueExpression><Value Type=""String"">Microsoft-Windows-IIS-W3SVC-WP</Value></ValueExpression></SimpleExpression></Expression><Expression><SimpleExpression><ValueExpression><XPathQuery>EventDisplayNumber</XPathQuery></ValueExpression><Operator>Equal</Operator><ValueExpression><Value>2296</Value></ValueExpression></SimpleExpression></Expression></And>",WA:This write action handle the alerts generation with description suppression applied in Windows Server 2012  ,1,1,Microsoft.Windows.InternetInformationServices.6.2.Module.has.an.invalid.precondition,Module has an invalid precondition,'Application!*[Application,[Provider[@Name='Microsoft-Windows-IIS-W3SVC-WP'] and (EventID=2296)]],*[System[Provider[@Name='Microsoft-Windows-IIS-W3SVC-WP'] and (EventID=2296)]],'Application!*[Application[Provider[@Name=\'Microsoft-Windows-IIS-W3SVC-WP\'] and (EventID=2296)]]'
Alert,Application,PublisherNameEqualMicrosoft-Windows-IIS-W3SVC-WPEventDisplayNumberEqual2295,"<And><Expression><SimpleExpression><ValueExpression><XPathQuery Type=""String"">PublisherName</XPathQuery></ValueExpression><Operator>Equal</Operator><ValueExpression><Value Type=""String"">Microsoft-Windows-IIS-W3SVC-WP</Value></ValueExpression></SimpleExpression></Expression><Expression><SimpleExpression><ValueExpression><XPathQuery>EventDisplayNumber</XPathQuery></ValueExpression><Operator>Equal</Operator><ValueExpression><Value>2295</Value></ValueExpression></SimpleExpression></Expression></And>",WA:This write action handle the alerts generation with description suppression applied in Windows Server 2012  ,1,1,Microsoft.Windows.InternetInformationServices.6.2.Module.registration.error.detected.failed.to.find.RegisterModule.entrypoint,Module registration error detected (failed to find RegisterModule entrypoint),'Application!*[Application,[Provider[@Name='Microsoft-Windows-IIS-W3SVC-WP'] and (EventID=2295)]],*[System[Provider[@Name='Microsoft-Windows-IIS-W3SVC-WP'] and (EventID=2295)]],'Application!*[Application[Provider[@Name=\'Microsoft-Windows-IIS-W3SVC-WP\'] and (EventID=2295)]]'
Alert,Application,PublisherNameEqualMicrosoft-Windows-IIS-W3SVC-WPEventDisplayNumberEqual2293,"<And><Expression><SimpleExpression><ValueExpression><XPathQuery Type=""String"">PublisherName</XPathQuery></ValueExpression><Operator>Equal</Operator><ValueExpression><Value Type=""String"">Microsoft-Windows-IIS-W3SVC-WP</Value></ValueExpression></SimpleExpression></Expression><Expression><SimpleExpression><ValueExpression><XPathQuery>EventDisplayNumber</XPathQuery></ValueExpression><Operator>Equal</Operator><ValueExpression><Value>2293</Value></ValueExpression></SimpleExpression></Expression></And>",WA:This write action handle the alerts generation with description suppression applied in Windows Server 2012  ,1,1,Microsoft.Windows.InternetInformationServices.6.2.Module.registration.error.detected.module.returned.an.error.during.registration,Module registration error detected (module returned an error during registration),'Application!*[Application,[Provider[@Name='Microsoft-Windows-IIS-W3SVC-WP'] and (EventID=2293)]],*[System[Provider[@Name='Microsoft-Windows-IIS-W3SVC-WP'] and (EventID=2293)]],'Application!*[Application[Provider[@Name=\'Microsoft-Windows-IIS-W3SVC-WP\'] and (EventID=2293)]]'
Alert,System,PublisherNameEqualMicrosoft-Windows-IIS-W3SVCEventDisplayNumberEqual1133,"<And><Expression><SimpleExpression><ValueExpression><XPathQuery Type=""String"">PublisherName</XPathQuery></ValueExpression><Operator>Equal</Operator><ValueExpression><Value Type=""String"">Microsoft-Windows-IIS-W3SVC</Value></ValueExpression></SimpleExpression></Expression><Expression><SimpleExpression><ValueExpression><XPathQuery>EventDisplayNumber</XPathQuery></ValueExpression><Operator>Equal</Operator><ValueExpression><Value>1133</Value></ValueExpression></SimpleExpression></Expression></And>",WA:This write action handle the alerts generation with description suppression applied in Windows Server 2012  ,1,1,Microsoft.Windows.InternetInformationServices.6.2.Only.one.type.of.logging.can.be.enabled.at.a.time,Only one type of logging can be enabled at a time,'System!*[System,[Provider[@Name='Microsoft-Windows-IIS-W3SVC'] and (EventID=1133)]],*[System[Provider[@Name='Microsoft-Windows-IIS-W3SVC'] and (EventID=1133)]],'System!*[System[Provider[@Name=\'Microsoft-Windows-IIS-W3SVC\'] and (EventID=1133)]]'
Alert,Application,PublisherNameEqualMicrosoft-Windows-IIS-W3SVC-WPEventDisplayNumberEqual2261,"<And><Expression><SimpleExpression><ValueExpression><XPathQuery Type=""String"">PublisherName</XPathQuery></ValueExpression><Operator>Equal</Operator><ValueExpression><Value Type=""String"">Microsoft-Windows-IIS-W3SVC-WP</Value></ValueExpression></SimpleExpression></Expression><Expression><SimpleExpression><ValueExpression><XPathQuery>EventDisplayNumber</XPathQuery></ValueExpression><Operator>Equal</Operator><ValueExpression><Value>2261</Value></ValueExpression></SimpleExpression></Expression></And>",WA:This write action handle the alerts generation with description suppression applied in Windows Server 2012  ,1,1,Microsoft.Windows.InternetInformationServices.6.2.SFNOTIFYREADRAWDATA.filter.notification.is.not.supported.in.IIS.8,,'Application!*[Application,[Provider[@Name='Microsoft-Windows-IIS-W3SVC-WP'] and (EventID=2261)]],*[System[Provider[@Name='Microsoft-Windows-IIS-W3SVC-WP'] and (EventID=2261)]],'Application!*[Application[Provider[@Name=\'Microsoft-Windows-IIS-W3SVC-WP\'] and (EventID=2261)]]'
Alert,System,PublisherNameEqualMicrosoft-Windows-WASEventDisplayNumberEqual5036,"<And><Expression><SimpleExpression><ValueExpression><XPathQuery Type=""String"">PublisherName</XPathQuery></ValueExpression><Operator>Equal</Operator><ValueExpression><Value Type=""String"">Microsoft-Windows-WAS</Value></ValueExpression></SimpleExpression></Expression><Expression><SimpleExpression><ValueExpression><XPathQuery>EventDisplayNumber</XPathQuery></ValueExpression><Operator>Equal</Operator><ValueExpression><Value>5036</Value></ValueExpression></SimpleExpression></Expression></And>",WA:This write action handle the alerts generation with description suppression applied in Windows Server 2012  ,1,2,Microsoft.Windows.InternetInformationServices.6.2.The.configuration.manager.for.WAS.did.not.initialize,The configuration manager for WAS did not initialize,'System!*[System,[Provider[@Name='Microsoft-Windows-WAS'] and (EventID=5036)]],*[System[Provider[@Name='Microsoft-Windows-WAS'] and (EventID=5036)]],'System!*[System[Provider[@Name=\'Microsoft-Windows-WAS\'] and (EventID=5036)]]'
Alert,Application,PublisherNameEqualMicrosoft-Windows-IIS-W3SVC-WPEventDisplayNumberEqual2264,"<And><Expression><SimpleExpression><ValueExpression><XPathQuery Type=""String"">PublisherName</XPathQuery></ValueExpression><Operator>Equal</Operator><ValueExpression><Value Type=""String"">Microsoft-Windows-IIS-W3SVC-WP</Value></ValueExpression></SimpleExpression></Expression><Expression><SimpleExpression><ValueExpression><XPathQuery>EventDisplayNumber</XPathQuery></ValueExpression><Operator>Equal</Operator><ValueExpression><Value>2264</Value></ValueExpression></SimpleExpression></Expression></And>",WA:This write action handle the alerts generation with description suppression applied in Windows Server 2012  ,1,1,Microsoft.Windows.InternetInformationServices.6.2.The.directory.specified.for.caching.compressed.content.is.invalid,The directory specified for caching compressed content is invalid,'Application!*[Application,[Provider[@Name='Microsoft-Windows-IIS-W3SVC-WP'] and (EventID=2264)]],*[System[Provider[@Name='Microsoft-Windows-IIS-W3SVC-WP'] and (EventID=2264)]],'Application!*[Application[Provider[@Name=\'Microsoft-Windows-IIS-W3SVC-WP\'] and (EventID=2264)]]'
Alert,Application,PublisherNameEqualMicrosoft-Windows-IIS-W3SVC-WPEventDisplayNumberEqual2298,"<And><Expression><SimpleExpression><ValueExpression><XPathQuery Type=""String"">PublisherName</XPathQuery></ValueExpression><Operator>Equal</Operator><ValueExpression><Value Type=""String"">Microsoft-Windows-IIS-W3SVC-WP</Value></ValueExpression></SimpleExpression></Expression><Expression><SimpleExpression><ValueExpression><XPathQuery>EventDisplayNumber</XPathQuery></ValueExpression><Operator>Equal</Operator><ValueExpression><Value>2298</Value></ValueExpression></SimpleExpression></Expression></And>",WA:This write action handle the alerts generation with description suppression applied in Windows Server 2012  ,1,1,Microsoft.Windows.InternetInformationServices.6.2.The.Global.Modules.list.is.empty,The Global Modules list is empty,'Application!*[Application,[Provider[@Name='Microsoft-Windows-IIS-W3SVC-WP'] and (EventID=2298)]],*[System[Provider[@Name='Microsoft-Windows-IIS-W3SVC-WP'] and (EventID=2298)]],'Application!*[Application[Provider[@Name=\'Microsoft-Windows-IIS-W3SVC-WP\'] and (EventID=2298)]]'
Alert,Application,PublisherNameEqualMicrosoft-Windows-IIS-W3SVC-WPEventDisplayNumberEqual2218,"<And><Expression><SimpleExpression><ValueExpression><XPathQuery Type=""String"">PublisherName</XPathQuery></ValueExpression><Operator>Equal</Operator><ValueExpression><Value Type=""String"">Microsoft-Windows-IIS-W3SVC-WP</Value></ValueExpression></SimpleExpression></Expression><Expression><SimpleExpression><ValueExpression><XPathQuery>EventDisplayNumber</XPathQuery></ValueExpression><Operator>Equal</Operator><ValueExpression><Value>2218</Value></ValueExpression></SimpleExpression></Expression></And>",WA:This write action handle the alerts generation with description suppression applied in Windows Server 2012  ,1,1,Microsoft.Windows.InternetInformationServices.6.2.The.HTTP.server.encountered.an.error.processing.the.server.side.include.file,The HTTP server encountered an error processing the server side include file,'Application!*[Application,[Provider[@Name='Microsoft-Windows-IIS-W3SVC-WP'] and (EventID=2218)]],*[System[Provider[@Name='Microsoft-Windows-IIS-W3SVC-WP'] and (EventID=2218)]],'Application!*[Application[Provider[@Name=\'Microsoft-Windows-IIS-W3SVC-WP\'] and (EventID=2218)]]'
Alert,Application,PublisherNameEqualMicrosoft-Windows-IIS-W3SVC-WPEventDisplayNumberEqual2258,"<And><Expression><SimpleExpression><ValueExpression><XPathQuery Type=""String"">PublisherName</XPathQuery></ValueExpression><Operator>Equal</Operator><ValueExpression><Value Type=""String"">Microsoft-Windows-IIS-W3SVC-WP</Value></ValueExpression></SimpleExpression></Expression><Expression><SimpleExpression><ValueExpression><XPathQuery>EventDisplayNumber</XPathQuery></ValueExpression><Operator>Equal</Operator><ValueExpression><Value>2258</Value></ValueExpression></SimpleExpression></Expression></And>",WA:This write action handle the alerts generation with description suppression applied in Windows Server 2012  ,1,1,Microsoft.Windows.InternetInformationServices.6.2.The.server.failed.to.close.client.connections.to.the.following.URLs.during.shutdown,The server failed to close client connections to URLs during shutdown,'Application!*[Application,[Provider[@Name='Microsoft-Windows-IIS-W3SVC-WP'] and (EventID=2258)]],*[System[Provider[@Name='Microsoft-Windows-IIS-W3SVC-WP'] and (EventID=2258)]],'Application!*[Application[Provider[@Name=\'Microsoft-Windows-IIS-W3SVC-WP\'] and (EventID=2258)]]'
Alert,Application,PublisherNameEqualMicrosoft-Windows-IIS-W3SVC-WPEventDisplayNumberEqual2227,"<And><Expression><SimpleExpression><ValueExpression><XPathQuery Type=""String"">PublisherName</XPathQuery></ValueExpression><Operator>Equal</Operator><ValueExpression><Value Type=""String"">Microsoft-Windows-IIS-W3SVC-WP</Value></ValueExpression></SimpleExpression></Expression><Expression><SimpleExpression><ValueExpression><XPathQuery>EventDisplayNumber</XPathQuery></ValueExpression><Operator>Equal</Operator><ValueExpression><Value>2227</Value></ValueExpression></SimpleExpression></Expression></And>",WA:This write action handle the alerts generation with description suppression applied in Windows Server 2012  ,1,1,Microsoft.Windows.InternetInformationServices.6.2.The.server.was.unable.to.acquire.a.license.for.a.SSL.connection,The server was unable to acquire a license for a SSL connection,'Application!*[Application,[Provider[@Name='Microsoft-Windows-IIS-W3SVC-WP'] and (EventID=2227)]],*[System[Provider[@Name='Microsoft-Windows-IIS-W3SVC-WP'] and (EventID=2227)]],'Application!*[Application[Provider[@Name=\'Microsoft-Windows-IIS-W3SVC-WP\'] and (EventID=2227)]]'
Alert,Application,PublisherNameEqualMicrosoft-Windows-IIS-W3SVC-WPEventDisplayNumberEqual2233,"<And><Expression><SimpleExpression><ValueExpression><XPathQuery Type=""String"">PublisherName</XPathQuery></ValueExpression><Operator>Equal</Operator><ValueExpression><Value Type=""String"">Microsoft-Windows-IIS-W3SVC-WP</Value></ValueExpression></SimpleExpression></Expression><Expression><SimpleExpression><ValueExpression><XPathQuery>EventDisplayNumber</XPathQuery></ValueExpression><Operator>Equal</Operator><ValueExpression><Value>2233</Value></ValueExpression></SimpleExpression></Expression></And>",WA:This write action handle the alerts generation with description suppression applied in Windows Server 2012  ,1,1,Microsoft.Windows.InternetInformationServices.6.2.The.server.was.unable.to.allocate.a.buffer.to.read.a.file,The server was unable to allocate a buffer to read a file,'Application!*[Application,[Provider[@Name='Microsoft-Windows-IIS-W3SVC-WP'] and (EventID=2233)]],*[System[Provider[@Name='Microsoft-Windows-IIS-W3SVC-WP'] and (EventID=2233)]],'Application!*[Application[Provider[@Name=\'Microsoft-Windows-IIS-W3SVC-WP\'] and (EventID=2233)]]'
Alert,Application,PublisherNameEqualMicrosoft-Windows-IIS-W3SVC-WPEventDisplayNumberMatchesRegularExpression^(2226|2230|2231|2232)$,"<And><Expression><SimpleExpression><ValueExpression><XPathQuery Type=""String"">PublisherName</XPathQuery></ValueExpression><Operator>Equal</Operator><ValueExpression><Value Type=""String"">Microsoft-Windows-IIS-W3SVC-WP</Value></ValueExpression></SimpleExpression></Expression><Expression><RegExExpression><ValueExpression><XPathQuery>EventDisplayNumber</XPathQuery></ValueExpression><Operator>MatchesRegularExpression</Operator><Pattern>^(2226|2230|2231|2232)$</Pattern></RegExExpression></Expression></And>",WA:This write action handle the alerts generation with description suppression applied in Windows Server 2012  ,1,1,Microsoft.Windows.InternetInformationServices.6.2.The.server.was.unable.to.read.a.file,The server was unable to read a file,'Application!*[Application,[Provider[@Name='Microsoft-Windows-IIS-W3SVC-WP'] and (EventID=2226 or EventID=2230 or EventID=2231 or EventID=2232)]],*[System[Provider[@Name='Microsoft-Windows-IIS-W3SVC-WP'] and (EventID=2226 or EventID=2230 or EventID=2231 or EventID=2232)]],'Application!*[Application[Provider[@Name=\'Microsoft-Windows-IIS-W3SVC-WP\'] and (EventID=2226 or EventID=2230 or EventID=2231 or EventID=2232)]]'
Alert,System,PublisherNameEqualMicrosoft-Windows-WASEventDisplayNumberMatchesRegularExpression^(5174|5179|5180)$,"<And><Expression><SimpleExpression><ValueExpression><XPathQuery Type=""String"">PublisherName</XPathQuery></ValueExpression><Operator>Equal</Operator><ValueExpression><Value Type=""String"">Microsoft-Windows-WAS</Value></ValueExpression></SimpleExpression></Expression><Expression><RegExExpression><ValueExpression><XPathQuery>EventDisplayNumber</XPathQuery></ValueExpression><Operator>MatchesRegularExpression</Operator><Pattern>^(5174|5179|5180)$</Pattern></RegExExpression></Expression></And>",WA:This write action handle the alerts generation with description suppression applied in Windows Server 2012  ,1,1,Microsoft.Windows.InternetInformationServices.6.2.WAS.detected.invalid.configuration.data,WAS detected invalid configuration data,'System!*[System,[Provider[@Name='Microsoft-Windows-WAS'] and (EventID=5174 or EventID=5179 or EventID=5180)]],*[System[Provider[@Name='Microsoft-Windows-WAS'] and (EventID=5174 or EventID=5179 or EventID=5180)]],'System!*[System[Provider[@Name=\'Microsoft-Windows-WAS\'] and (EventID=5174 or EventID=5179 or EventID=5180)]]'
Alert,System,EventDisplayNumberEqual5085PublisherNameEqualMicrosoft-Windows-WAS,"<And><Expression><SimpleExpression><ValueExpression><XPathQuery>EventDisplayNumber</XPathQuery></ValueExpression><Operator>Equal</Operator><ValueExpression><Value>5085</Value></ValueExpression></SimpleExpression></Expression><Expression><SimpleExpression><ValueExpression><XPathQuery Type=""String"">PublisherName</XPathQuery></ValueExpression><Operator>Equal</Operator><ValueExpression><Value Type=""String"">Microsoft-Windows-WAS</Value></ValueExpression></SimpleExpression></Expression></And>",WA:This write action handle the alerts generation with description suppression applied in Windows Server 2012  ,1,1,Microsoft.Windows.InternetInformationServices.6.2.WAS.did.not.apply.configuration.changes.to.application.pool,WAS did not apply configuration changes to application pool,'System!*[System,[Provider[@Name='Microsoft-Windows-WAS'] and (EventID=5085)]],*[System[Provider[@Name='Microsoft-Windows-WAS'] and (EventID=5085)]],'System!*[System[Provider[@Name=\'Microsoft-Windows-WAS\'] and (EventID=5085)]]'
Alert,System,EventDisplayNumberMatchesRegularExpression^(5054|5091)$PublisherNameEqualMicrosoft-Windows-WAS,"<And><Expression><RegExExpression><ValueExpression><XPathQuery>EventDisplayNumber</XPathQuery></ValueExpression><Operator>MatchesRegularExpression</Operator><Pattern>^(5054|5091)$</Pattern></RegExExpression></Expression><Expression><SimpleExpression><ValueExpression><XPathQuery Type=""String"">PublisherName</XPathQuery></ValueExpression><Operator>Equal</Operator><ValueExpression><Value Type=""String"">Microsoft-Windows-WAS</Value></ValueExpression></SimpleExpression></Expression></And>",WA:This write action handle the alerts generation with description suppression applied in Windows Server 2012  ,1,2,Microsoft.Windows.InternetInformationServices.6.2.WAS.did.not.run.the.automatic.shutdown.executable.for.application.pool,WAS did not run the automatic shutdown executable for application pool,'System!*[System,[Provider[@Name='Microsoft-Windows-WAS'] and (EventID=5054 or EventID=5091)]],*[System[Provider[@Name='Microsoft-Windows-WAS'] and (EventID=5054 or EventID=5091)]],'System!*[System[Provider[@Name=\'Microsoft-Windows-WAS\'] and (EventID=5054 or EventID=5091)]]'
Alert,System,PublisherNameEqualMicrosoft-Windows-WASEventDisplayNumberEqual5063,"<And><Expression><SimpleExpression><ValueExpression><XPathQuery Type=""String"">PublisherName</XPathQuery></ValueExpression><Operator>Equal</Operator><ValueExpression><Value Type=""String"">Microsoft-Windows-WAS</Value></ValueExpression></SimpleExpression></Expression><Expression><SimpleExpression><ValueExpression><XPathQuery>EventDisplayNumber</XPathQuery></ValueExpression><Operator>Equal</Operator><ValueExpression><Value>5063</Value></ValueExpression></SimpleExpression></Expression></And>",WA:This write action handle the alerts generation with description suppression applied in Windows Server 2012  ,1,1,Microsoft.Windows.InternetInformationServices.6.2.WAS.encountered.a.failure.requesting.IIS.configuration.store.change.notifications,WAS encountered a failure requesting IIS configuration store change notifications,'System!*[System,[Provider[@Name='Microsoft-Windows-WAS'] and (EventID=5063)]],*[System[Provider[@Name='Microsoft-Windows-WAS'] and (EventID=5063)]],'System!*[System[Provider[@Name=\'Microsoft-Windows-WAS\'] and (EventID=5063)]]'
Alert,System,EventDisplayNumberEqual5058PublisherNameEqualMicrosoft-Windows-WAS,"<And><Expression><SimpleExpression><ValueExpression><XPathQuery>EventDisplayNumber</XPathQuery></ValueExpression><Operator>Equal</Operator><ValueExpression><Value>5058</Value></ValueExpression></SimpleExpression></Expression><Expression><SimpleExpression><ValueExpression><XPathQuery Type=""String"">PublisherName</XPathQuery></ValueExpression><Operator>Equal</Operator><ValueExpression><Value Type=""String"">Microsoft-Windows-WAS</Value></ValueExpression></SimpleExpression></Expression></And>",WA:This write action handle the alerts generation with description suppression applied in Windows Server 2012  ,1,1,Microsoft.Windows.InternetInformationServices.6.2.WAS.encountered.a.failure.while.setting.the.affinity.mask.of.an.application.pool,WAS encountered a failure while setting the affinity mask of an application pool,'System!*[System,[Provider[@Name='Microsoft-Windows-WAS'] and (EventID=5058)]],*[System[Provider[@Name='Microsoft-Windows-WAS'] and (EventID=5058)]],'System!*[System[Provider[@Name=\'Microsoft-Windows-WAS\'] and (EventID=5058)]]'
Alert,System,PublisherNameEqualMicrosoft-Windows-WASEventDisplayNumberEqual5066,"<And><Expression><SimpleExpression><ValueExpression><XPathQuery Type=""String"">PublisherName</XPathQuery></ValueExpression><Operator>Equal</Operator><ValueExpression><Value Type=""String"">Microsoft-Windows-WAS</Value></ValueExpression></SimpleExpression></Expression><Expression><SimpleExpression><ValueExpression><XPathQuery>EventDisplayNumber</XPathQuery></ValueExpression><Operator>Equal</Operator><ValueExpression><Value>5066</Value></ValueExpression></SimpleExpression></Expression></And>",WA:This write action handle the alerts generation with description suppression applied in Windows Server 2012  ,1,2,Microsoft.Windows.InternetInformationServices.6.2.WAS.encountered.an.error.attempting.to.configure.centralized.logging,WAS encountered an error attempting to configure centralized logging,'System!*[System,[Provider[@Name='Microsoft-Windows-WAS'] and (EventID=5174 or EventID=5179 or EventID=5180)]],*[System[Provider[@Name='Microsoft-Windows-WAS'] and (EventID=5174 or EventID=5179 or EventID=5180)]],'System!*[System[Provider[@Name=\'Microsoft-Windows-WAS\'] and (EventID=5174 or EventID=5179 or EventID=5180)]]'
Alert,System,PublisherNameEqualMicrosoft-Windows-WASEventDisplayNumberEqual5153,"<And><Expression><SimpleExpression><ValueExpression><XPathQuery Type=""String"">PublisherName</XPathQuery></ValueExpression><Operator>Equal</Operator><ValueExpression><Value Type=""String"">Microsoft-Windows-WAS</Value></ValueExpression></SimpleExpression></Expression><Expression><SimpleExpression><ValueExpression><XPathQuery>EventDisplayNumber</XPathQuery></ValueExpression><Operator>Equal</Operator><ValueExpression><Value>5153</Value></ValueExpression></SimpleExpression></Expression></And>",WA:This write action handle the alerts generation with description suppression applied in Windows Server 2012  ,1,1,Microsoft.Windows.InternetInformationServices.6.2.WAS.encountered.an.error.attempting.to.look.up.the.built.in.IIS_IUSRS.group,WAS encountered an error attempting to look up the built in IIS_IUSRS group,'System!*[System,[Provider[@Name='Microsoft-Windows-WAS'] and (EventID=5085)]],*[System[Provider[@Name='Microsoft-Windows-WAS'] and (EventID=5085)]],'System!*[System[Provider[@Name=\'Microsoft-Windows-WAS\'] and (EventID=5085)]]'
Alert,System,PublisherNameEqualMicrosoft-Windows-WASEventDisplayNumberMatchesRegularExpression^(5172|5173)$,"<And><Expression><SimpleExpression><ValueExpression><XPathQuery Type=""String"">PublisherName</XPathQuery></ValueExpression><Operator>Equal</Operator><ValueExpression><Value Type=""String"">Microsoft-Windows-WAS</Value></ValueExpression></SimpleExpression></Expression><Expression><RegExExpression><ValueExpression><XPathQuery>EventDisplayNumber</XPathQuery></ValueExpression><Operator>MatchesRegularExpression</Operator><Pattern>^(5172|5173)$</Pattern></RegExExpression></Expression></And>",WA:This write action handle the alerts generation with description suppression applied in Windows Server 2012  ,1,1,Microsoft.Windows.InternetInformationServices.6.2.WAS.encountered.an.error.trying.to.read.configuration,WAS encountered an error trying to read configuration,'System!*[System,[Provider[@Name='Microsoft-Windows-WAS'] and (EventID=5054 or EventID=5091)]],*[System[Provider[@Name='Microsoft-Windows-WAS'] and (EventID=5054 or EventID=5091)]],'System!*[System[Provider[@Name=\'Microsoft-Windows-WAS\'] and (EventID=5054 or EventID=5091)]]'
Alert,System,EventDisplayNumberEqual5014PublisherNameEqualMicrosoft-Windows-WAS,"<And><Expression><SimpleExpression><ValueExpression><XPathQuery>EventDisplayNumber</XPathQuery></ValueExpression><Operator>Equal</Operator><ValueExpression><Value>5014</Value></ValueExpression></SimpleExpression></Expression><Expression><SimpleExpression><ValueExpression><XPathQuery Type=""String"">PublisherName</XPathQuery></ValueExpression><Operator>Equal</Operator><ValueExpression><Value Type=""String"">Microsoft-Windows-WAS</Value></ValueExpression></SimpleExpression></Expression></And>",WA:This write action handle the alerts generation with description suppression applied in Windows Server 2012  ,1,1,Microsoft.Windows.InternetInformationServices.6.2.WAS.encountered.an.internal.error.in.its.process.management.of.a.worker.process,WAS encountered an internal error in while managing a worker process,'System!*[System,[Provider[@Name='Microsoft-Windows-WAS'] and (EventID=5063)]],*[System[Provider[@Name='Microsoft-Windows-WAS'] and (EventID=5063)]],'System!*[System[Provider[@Name=\'Microsoft-Windows-WAS\'] and (EventID=5063)]]'
Alert,System,EventDisplayNumberEqual5101PublisherNameEqualMicrosoft-Windows-WAS,"<And><Expression><SimpleExpression><ValueExpression><XPathQuery>EventDisplayNumber</XPathQuery></ValueExpression><Operator>Equal</Operator><ValueExpression><Value>5101</Value></ValueExpression></SimpleExpression></Expression><Expression><SimpleExpression><ValueExpression><XPathQuery Type=""String"">PublisherName</XPathQuery></ValueExpression><Operator>Equal</Operator><ValueExpression><Value Type=""String"">Microsoft-Windows-WAS</Value></ValueExpression></SimpleExpression></Expression></And>",WA:This write action handle the alerts generation with description suppression applied in Windows Server 2012  ,1,2,Microsoft.Windows.InternetInformationServices.6.2.WAS.failed.to.create.application.pool,WAS failed to create application pool,'System!*[System,[Provider[@Name='Microsoft-Windows-WAS'] and (EventID=5058)]],*[System[Provider[@Name='Microsoft-Windows-WAS'] and (EventID=5058)]],'System!*[System[Provider[@Name=\'Microsoft-Windows-WAS\'] and (EventID=5058)]]'
Alert,System,EventDisplayNumberMatchesRegularExpression^(5070|5093)$PublisherNameEqualMicrosoft-Windows-WAS,"<And><Expression><RegExExpression><ValueExpression><XPathQuery>EventDisplayNumber</XPathQuery></ValueExpression><Operator>MatchesRegularExpression</Operator><Pattern>^(5070|5093)$</Pattern></RegExExpression></Expression><Expression><SimpleExpression><ValueExpression><XPathQuery Type=""String"">PublisherName</XPathQuery></ValueExpression><Operator>Equal</Operator><ValueExpression><Value Type=""String"">Microsoft-Windows-WAS</Value></ValueExpression></SimpleExpression></Expression></And>",WA:This write action handle the alerts generation with description suppression applied in Windows Server 2012  ,1,1,Microsoft.Windows.InternetInformationServices.6.2.WAS.failed.to.issue.recycle.request.to.application.pool,WAS failed to issue recycle request to application pool,'System!*[System,[Provider[@Name='Microsoft-Windows-WAS'] and (EventID=5066)]],*[System[Provider[@Name='Microsoft-Windows-WAS'] and (EventID=5066)]],'System!*[System[Provider[@Name=\'Microsoft-Windows-WAS\'] and (EventID=5066)]]'
Alert,System,PublisherNameEqualMicrosoft-Windows-WASEventDisplayNumberEqual5005,"<And><Expression><SimpleExpression><ValueExpression><XPathQuery Type=""String"">PublisherName</XPathQuery></ValueExpression><Operator>Equal</Operator><ValueExpression><Value Type=""String"">Microsoft-Windows-WAS</Value></ValueExpression></SimpleExpression></Expression><Expression><SimpleExpression><ValueExpression><XPathQuery>EventDisplayNumber</XPathQuery></ValueExpression><Operator>Equal</Operator><ValueExpression><Value>5005</Value></ValueExpression></SimpleExpression></Expression></And>",WA:This write action handle the alerts generation with description suppression applied in Windows Server 2012  ,1,2,Microsoft.Windows.InternetInformationServices.6.2.WAS.is.stopping.because.it.encountered.an.error,WAS is stopping because it encountered an error,'System!*[System,[Provider[@Name='Microsoft-Windows-WAS'] and (EventID=5005)]],*[System[Provider[@Name='Microsoft-Windows-WAS'] and (EventID=5005)]],'System!*[System[Provider[@Name=\'Microsoft-Windows-WAS\'] and (EventID=5005)]]'
Alert,System,PublisherNameEqualMicrosoft-Windows-WASEventDisplayNumberEqual5053,"<And><Expression><SimpleExpression><ValueExpression><XPathQuery Type=""String"">PublisherName</XPathQuery></ValueExpression><Operator>Equal</Operator><ValueExpression><Value Type=""String"">Microsoft-Windows-WAS</Value></ValueExpression></SimpleExpression></Expression><Expression><SimpleExpression><ValueExpression><XPathQuery>EventDisplayNumber</XPathQuery></ValueExpression><Operator>Equal</Operator><ValueExpression><Value>5053</Value></ValueExpression></SimpleExpression></Expression></And>",WA:This write action handle the alerts generation with description suppression applied in Windows Server 2012  ,1,1,Microsoft.Windows.InternetInformationServices.6.2.WAS.received.a.change.notification.but.was.unable.to.process.it.correctly,WAS received a change notification but was unable to process it correctly,'System!*[System,[Provider[@Name='Microsoft-Windows-WAS'] and (EventID=5053)]],*[System[Provider[@Name='Microsoft-Windows-WAS'] and (EventID=5053)]],'System!*[System[Provider[@Name=\'Microsoft-Windows-WAS\'] and (EventID=5053)]]'
Alert,System,PublisherNameEqualMicrosoft-Windows-WASEventDisplayNumberEqual5030,"<And><Expression><SimpleExpression><ValueExpression><XPathQuery Type=""String"">PublisherName</XPathQuery></ValueExpression><Operator>Equal</Operator><ValueExpression><Value Type=""String"">Microsoft-Windows-WAS</Value></ValueExpression></SimpleExpression></Expression><Expression><SimpleExpression><ValueExpression><XPathQuery>EventDisplayNumber</XPathQuery></ValueExpression><Operator>Equal</Operator><ValueExpression><Value>5030</Value></ValueExpression></SimpleExpression></Expression></And>",WA:This write action handle the alerts generation with description suppression applied in Windows Server 2012  ,1,2,Microsoft.Windows.InternetInformationServices.6.2.WAS.terminated.unexpectedly.and.the.system.was.not.configured.to.restart.it,,'System!*[System,[Provider[@Name='Microsoft-Windows-WAS'] and (EventID=5030)]],*[System[Provider[@Name='Microsoft-Windows-WAS'] and (EventID=5030)]],'System!*[System[Provider[@Name=\'Microsoft-Windows-WAS\'] and (EventID=5030)]]'
Alert,Application,PublisherNameEqualMicrosoft-Windows-IIS-W3SVC-WPEventDisplayNumberEqual2281,"<And><Expression><SimpleExpression><ValueExpression><XPathQuery Type=""String"">PublisherName</XPathQuery></ValueExpression><Operator>Equal</Operator><ValueExpression><Value Type=""String"">Microsoft-Windows-IIS-W3SVC-WP</Value></ValueExpression></SimpleExpression></Expression><Expression><SimpleExpression><ValueExpression><XPathQuery>EventDisplayNumber</XPathQuery></ValueExpression><Operator>Equal</Operator><ValueExpression><Value>2281</Value></ValueExpression></SimpleExpression></Expression></And>",WA:This write action handle the alerts generation with description suppression applied in Windows Server 2012  ,1,1,Microsoft.Windows.InternetInformationServices.6.2.Worker.process.failed.to.initialize.communication.with.the.W3SVC.and.therefore.could.not.be.started,Worker process failed to initialize communication with the W3SVC service and therefore could not be started,'Application!*[Application,[Provider[@Name='Microsoft-Windows-IIS-W3SVC-WP'] and (EventID=2281)]],*[System[Provider[@Name='Microsoft-Windows-IIS-W3SVC-WP'] and (EventID=2281)]],'Application!*[Application[Provider[@Name=\'Microsoft-Windows-IIS-W3SVC-WP\'] and (EventID=2281)]]'
Alert,Application,EventDisplayNumberEqual2297PublisherNameEqualMicrosoft-Windows-IIS-W3SVC-WP,"<And><Expression><SimpleExpression><ValueExpression><XPathQuery>EventDisplayNumber</XPathQuery></ValueExpression><Operator>Equal</Operator><ValueExpression><Value>2297</Value></ValueExpression></SimpleExpression></Expression><Expression><SimpleExpression><ValueExpression><XPathQuery Type=""String"">PublisherName</XPathQuery></ValueExpression><Operator>Equal</Operator><ValueExpression><Value Type=""String"">Microsoft-Windows-IIS-W3SVC-WP</Value></ValueExpression></SimpleExpression></Expression></And>",WA:This write action handle the alerts generation with description suppression applied in Windows Server 2012  ,1,1,Microsoft.Windows.InternetInformationServices.6.2.Worker.process.for.application.pool.encountered.an.error.while.trying.to.read.global.module.configuration,Worker process for application pool encountered an error while trying to read global module configuration,'Application!*[Application,[Provider[@Name='Microsoft-Windows-IIS-W3SVC-WP'] and (EventID=2297)]],*[System[Provider[@Name='Microsoft-Windows-IIS-W3SVC-WP'] and (EventID=2297)]],'Application!*[Application[Provider[@Name=\'Microsoft-Windows-IIS-W3SVC-WP\'] and (EventID=2297)]]'
Alert,System,EventDisplayNumberEqual5039PublisherNameEqualMicrosoft-Windows-WAS,"<And><Expression><SimpleExpression><ValueExpression><XPathQuery>EventDisplayNumber</XPathQuery></ValueExpression><Operator>Equal</Operator><ValueExpression><Value>5039</Value></ValueExpression></SimpleExpression></Expression><Expression><SimpleExpression><ValueExpression><XPathQuery Type=""String"">PublisherName</XPathQuery></ValueExpression><Operator>Equal</Operator><ValueExpression><Value Type=""String"">Microsoft-Windows-WAS</Value></ValueExpression></SimpleExpression></Expression></And>",WA:This write action handle the alerts generation with description suppression applied in Windows Server 2012  ,1,1,Microsoft.Windows.InternetInformationServices.6.2.Worker.process.serving.an.application.pool.reported.a.failure,Worker process serving an application pool reported a failure,'System!*[System,[Provider[@Name='Microsoft-Windows-WAS'] and (EventID=5039)]],*[System[Provider[@Name='Microsoft-Windows-WAS'] and (EventID=5039)]],'System!*[System[Provider[@Name=\'Microsoft-Windows-WAS\'] and (EventID=5039)]]'
Alert,System,EventDisplayNumberEqual5015PublisherNameEqualMicrosoft-Windows-WAS,"<And><Expression><SimpleExpression><ValueExpression><XPathQuery>EventDisplayNumber</XPathQuery></ValueExpression><Operator>Equal</Operator><ValueExpression><Value>5015</Value></ValueExpression></SimpleExpression></Expression><Expression><SimpleExpression><ValueExpression><XPathQuery Type=""String"">PublisherName</XPathQuery></ValueExpression><Operator>Equal</Operator><ValueExpression><Value Type=""String"">Microsoft-Windows-WAS</Value></ValueExpression></SimpleExpression></Expression></And>",WA:This write action handle the alerts generation with description suppression applied in Windows Server 2012  ,1,1,Microsoft.Windows.InternetInformationServices.6.2.Worker.process.serving.application.pool.was.orphaned,Worker process serving application pool was orphaned,'System!*[System,[Provider[@Name='Microsoft-Windows-WAS'] and (EventID=5015)]],*[System[Provider[@Name='Microsoft-Windows-WAS'] and (EventID=5015)]],'System!*[System[Provider[@Name=\'Microsoft-Windows-WAS\'] and (EventID=5015)]]'
Alert,System,EventDisplayNumberEqual5127PublisherNameEqualMicrosoft-Windows-WAS,"<And><Expression><SimpleExpression><ValueExpression><XPathQuery>EventDisplayNumber</XPathQuery></ValueExpression><Operator>Equal</Operator><ValueExpression><Value>5127</Value></ValueExpression></SimpleExpression></Expression><Expression><SimpleExpression><ValueExpression><XPathQuery Type=""String"">PublisherName</XPathQuery></ValueExpression><Operator>Equal</Operator><ValueExpression><Value Type=""String"">Microsoft-Windows-WAS</Value></ValueExpression></SimpleExpression></Expression></And>",WA:This write action handle the alerts generation with description suppression applied in Windows Server 2012  ,1,1,Microsoft.Windows.InternetInformationServices.6.2.Worker.process.serving.the.application.pool.is.no.longer.trusted.by.WAS,Worker process serving the application pool is no longer trusted by WAS,'System!*[System,[Provider[@Name='Microsoft-Windows-WAS'] and (EventID=5127)]],*[System[Provider[@Name='Microsoft-Windows-WAS'] and (EventID=5127)]],'System!*[System[Provider[@Name=\'Microsoft-Windows-WAS\'] and (EventID=5127)]]'
Alert,System,PublisherNameEqualMicrosoft-Windows-IIS-W3SVCEventDisplayNumberEqual1173,"<And><Expression><SimpleExpression><ValueExpression><XPathQuery Type=""String"">PublisherName</XPathQuery></ValueExpression><Operator>Equal</Operator><ValueExpression><Value Type=""String"">Microsoft-Windows-IIS-W3SVC</Value></ValueExpression></SimpleExpression></Expression><Expression><SimpleExpression><ValueExpression><XPathQuery>EventDisplayNumber</XPathQuery></ValueExpression><Operator>Equal</Operator><ValueExpression><Value>1173</Value></ValueExpression></SimpleExpression></Expression></And>",WA:This write action handle the alerts generation with description suppression applied in Windows Server 2012  ,1,2,Microsoft.Windows.InternetInformationServices.6.2.WWW.Service.did.not.initialize.the.HTTP.driver.and.was.unable.start,WWW Service did not initialize the HTTP driver and was unable to start,'System!*[System,[Provider[@Name='Microsoft-Windows-IIS-W3SVC'] and (EventID=1173)]],*[System[Provider[@Name='Microsoft-Windows-IIS-W3SVC'] and (EventID=1173)]],'System!*[System[Provider[@Name=\'Microsoft-Windows-IIS-W3SVC\'] and (EventID=1173)]]'
Alert,System,EventDisplayNumberEqual1026PublisherNameEqualMicrosoft-Windows-IIS-W3SVC,"<And><Expression><SimpleExpression><ValueExpression><XPathQuery>EventDisplayNumber</XPathQuery></ValueExpression><Operator>Equal</Operator><ValueExpression><Value>1026</Value></ValueExpression></SimpleExpression></Expression><Expression><SimpleExpression><ValueExpression><XPathQuery Type=""String"">PublisherName</XPathQuery></ValueExpression><Operator>Equal</Operator><ValueExpression><Value Type=""String"">Microsoft-Windows-IIS-W3SVC</Value></ValueExpression></SimpleExpression></Expression></And>",WA:This write action handle the alerts generation with description suppression applied in Windows Server 2012  ,1,1,Microsoft.Windows.InternetInformationServices.6.2.WWW.service.encountered.an.error.when.it.tried.to.secure.the.handle.of.the.application.pool,WWW service encountered an error when it tried to secure the handle of the application pool,'System!*[System,[Provider[@Name='Microsoft-Windows-IIS-W3SVC'] and (EventID=1026)]],*[System[Provider[@Name='Microsoft-Windows-IIS-W3SVC'] and (EventID=1026)]],'System!*[System[Provider[@Name=\'Microsoft-Windows-IIS-W3SVC\'] and (EventID=1026)]]'
Alert,System,PublisherNameEqualMicrosoft-Windows-IIS-W3SVCEventDisplayNumberMatchesRegularExpression^(1135|1134)$,"<And><Expression><SimpleExpression><ValueExpression><XPathQuery Type=""String"">PublisherName</XPathQuery></ValueExpression><Operator>Equal</Operator><ValueExpression><Value Type=""String"">Microsoft-Windows-IIS-W3SVC</Value></ValueExpression></SimpleExpression></Expression><Expression><RegExExpression><ValueExpression><XPathQuery>EventDisplayNumber</XPathQuery></ValueExpression><Operator>MatchesRegularExpression</Operator><Pattern>^(1135|1134)$</Pattern></RegExExpression></Expression></And>",WA:This write action handle the alerts generation with description suppression applied in Windows Server 2012  ,1,1,Microsoft.Windows.InternetInformationServices.6.2.WWW.service.failed.to.configure.the.centralized.W3C.logging.properties,WWW service failed to configure the centralized W3C logging properties,'System!*[System,[Provider[@Name='Microsoft-Windows-IIS-W3SVC'] and (EventID=1135 or EventID=1134)]],*[System[Provider[@Name='Microsoft-Windows-IIS-W3SVC'] and (EventID=1135 or EventID=1134)]],'System!*[System[Provider[@Name=\'Microsoft-Windows-IIS-W3SVC\'] and (EventID=1135 or EventID=1134)]]'
Alert,System,PublisherNameEqualMicrosoft-Windows-IIS-W3SVCEventDisplayNumberEqual1020,"<And><Expression><SimpleExpression><ValueExpression><XPathQuery Type=""String"">PublisherName</XPathQuery></ValueExpression><Operator>Equal</Operator><ValueExpression><Value Type=""String"">Microsoft-Windows-IIS-W3SVC</Value></ValueExpression></SimpleExpression></Expression><Expression><SimpleExpression><ValueExpression><XPathQuery>EventDisplayNumber</XPathQuery></ValueExpression><Operator>Equal</Operator><ValueExpression><Value>1020</Value></ValueExpression></SimpleExpression></Expression></And>",WA:This write action handle the alerts generation with description suppression applied in Windows Server 2012  ,1,1,Microsoft.Windows.InternetInformationServices.6.2.WWW.Service.failed.to.configure.the.HTTP.SYS.control.channel.property,WWW Service failed to configure the HTTP.SYS control channel property,'System!*[System,[Provider[@Name='Microsoft-Windows-IIS-W3SVC'] and (EventID=1020)]],*[System[Provider[@Name='Microsoft-Windows-IIS-W3SVC'] and (EventID=1020)]],'System!*[System[Provider[@Name=\'Microsoft-Windows-IIS-W3SVC\'] and (EventID=1020)]]'
Alert,System,PublisherNameEqualMicrosoft-Windows-IIS-W3SVCEventDisplayNumberEqual1062,"<And><Expression><SimpleExpression><ValueExpression><XPathQuery Type=""String"">PublisherName</XPathQuery></ValueExpression><Operator>Equal</Operator><ValueExpression><Value Type=""String"">Microsoft-Windows-IIS-W3SVC</Value></ValueExpression></SimpleExpression></Expression><Expression><SimpleExpression><ValueExpression><XPathQuery>EventDisplayNumber</XPathQuery></ValueExpression><Operator>Equal</Operator><ValueExpression><Value>1062</Value></ValueExpression></SimpleExpression></Expression></And>",WA:This write action handle the alerts generation with description suppression applied in Windows Server 2012  ,1,1,Microsoft.Windows.InternetInformationServices.6.2.WWW.service.failed.to.configure.the.logging.properties.for.the.HTTP.control.channel,WWW service failed to configure the logging properties for the HTTP control channel,'System!*[System,[Provider[@Name='Microsoft-Windows-IIS-W3SVC'] and (EventID=1062)]],*[System[Provider[@Name='Microsoft-Windows-IIS-W3SVC'] and (EventID=1062)]],'System!*[System[Provider[@Name=\'Microsoft-Windows-IIS-W3SVC\'] and (EventID=1062)]]'
Alert,System,PublisherNameEqualMicrosoft-Windows-IIS-W3SVCEventDisplayNumberEqual1126,"<And><Expression><SimpleExpression><ValueExpression><XPathQuery Type=""String"">PublisherName</XPathQuery></ValueExpression><Operator>Equal</Operator><ValueExpression><Value Type=""String"">Microsoft-Windows-IIS-W3SVC</Value></ValueExpression></SimpleExpression></Expression><Expression><SimpleExpression><ValueExpression><XPathQuery>EventDisplayNumber</XPathQuery></ValueExpression><Operator>Equal</Operator><ValueExpression><Value>1126</Value></ValueExpression></SimpleExpression></Expression></And>",WA:This write action handle the alerts generation with description suppression applied in Windows Server 2012  ,1,1,Microsoft.Windows.InternetInformationServices.6.2.WWW.Service.failed.to.copy.a.change.notification.for.processing,WWW Service failed to copy a change notification for processing,'System!*[System,[Provider[@Name='Microsoft-Windows-IIS-W3SVC'] and (EventID=1126)]],*[System[Provider[@Name='Microsoft-Windows-IIS-W3SVC'] and (EventID=1126)]],'System!*[System[Provider[@Name=\'Microsoft-Windows-IIS-W3SVC\'] and (EventID=1126)]]'
Alert,System,PublisherNameEqualMicrosoft-Windows-IIS-W3SVCEventDisplayNumberEqual1175,"<And><Expression><SimpleExpression><ValueExpression><XPathQuery Type=""String"">PublisherName</XPathQuery></ValueExpression><Operator>Equal</Operator><ValueExpression><Value Type=""String"">Microsoft-Windows-IIS-W3SVC</Value></ValueExpression></SimpleExpression></Expression><Expression><SimpleExpression><ValueExpression><XPathQuery>EventDisplayNumber</XPathQuery></ValueExpression><Operator>Equal</Operator><ValueExpression><Value>1175</Value></ValueExpression></SimpleExpression></Expression></And>",WA:This write action handle the alerts generation with description suppression applied in Windows Server 2012  ,1,1,Microsoft.Windows.InternetInformationServices.6.2.WWW.Service.failed.to.enable.end.point.sharing.for.the.HTTP.control.channel,WWW Service failed to enable end point sharing for the HTTP control channel,'System!*[System,[Provider[@Name='Microsoft-Windows-IIS-W3SVC'] and (EventID=1175)]],*[System[Provider[@Name='Microsoft-Windows-IIS-W3SVC'] and (EventID=1175)]],'System!*[System[Provider[@Name=\'Microsoft-Windows-IIS-W3SVC\'] and (EventID=1175)]]'
Alert,System,PublisherNameEqualMicrosoft-Windows-IIS-W3SVCEventDisplayNumberMatchesRegularExpression^(1071|1073)$,"<And><Expression><SimpleExpression><ValueExpression><XPathQuery Type=""String"">PublisherName</XPathQuery></ValueExpression><Operator>Equal</Operator><ValueExpression><Value Type=""String"">Microsoft-Windows-IIS-W3SVC</Value></ValueExpression></SimpleExpression></Expression><Expression><RegExExpression><ValueExpression><XPathQuery>EventDisplayNumber</XPathQuery></ValueExpression><Operator>MatchesRegularExpression</Operator><Pattern>^(1071|1073)$</Pattern></RegExExpression></Expression></And>",WA:This write action handle the alerts generation with description suppression applied in Windows Server 2012  ,1,1,Microsoft.Windows.InternetInformationServices.6.2.WWW.service.failed.to.enable.global.bandwidth.throttling,WWW service failed to enable global bandwidth throttling,'System!*[System,[Provider[@Name='Microsoft-Windows-IIS-W3SVC'] and (EventID=1071 or EventID=1073)]],*[System[Provider[@Name='Microsoft-Windows-IIS-W3SVC'] and (EventID=1071 or EventID=1073)]],'System!*[System[Provider[@Name=\'Microsoft-Windows-IIS-W3SVC\'] and (EventID=1071 or EventID=1073)]]'
Alert,System,EventDisplayNumberEqual1087PublisherNameEqualMicrosoft-Windows-IIS-W3SVC,"<And><Expression><SimpleExpression><ValueExpression><XPathQuery>EventDisplayNumber</XPathQuery></ValueExpression><Operator>Equal</Operator><ValueExpression><Value>1087</Value></ValueExpression></SimpleExpression></Expression><Expression><SimpleExpression><ValueExpression><XPathQuery Type=""String"">PublisherName</XPathQuery></ValueExpression><Operator>Equal</Operator><ValueExpression><Value Type=""String"">Microsoft-Windows-IIS-W3SVC</Value></ValueExpression></SimpleExpression></Expression></And>",WA:This write action handle the alerts generation with description suppression applied in Windows Server 2012  ,1,1,Microsoft.Windows.InternetInformationServices.6.2.WWW.service.failed.to.properly.configure.the.application.pool.queue.length,WWW service failed to properly configure the application pool queue length,'System!*[System,[Provider[@Name='Microsoft-Windows-IIS-W3SVC'] and (EventID=1087)]],*[System[Provider[@Name='Microsoft-Windows-IIS-W3SVC'] and (EventID=1087)]],'System!*[System[Provider[@Name=\'Microsoft-Windows-IIS-W3SVC\'] and (EventID=1087)]]'
Alert,System,EventDisplayNumberEqual1086PublisherNameEqualMicrosoft-Windows-IIS-W3SVC,"<And><Expression><SimpleExpression><ValueExpression><XPathQuery>EventDisplayNumber</XPathQuery></ValueExpression><Operator>Equal</Operator><ValueExpression><Value>1086</Value></ValueExpression></SimpleExpression></Expression><Expression><SimpleExpression><ValueExpression><XPathQuery Type=""String"">PublisherName</XPathQuery></ValueExpression><Operator>Equal</Operator><ValueExpression><Value Type=""String"">Microsoft-Windows-IIS-W3SVC</Value></ValueExpression></SimpleExpression></Expression></And>",WA:This write action handle the alerts generation with description suppression applied in Windows Server 2012  ,1,1,Microsoft.Windows.InternetInformationServices.6.2.WWW.service.failed.to.properly.configure.the.load.balancer.capabilities.on.application.pool,WWW service failed to properly configure the load balancer capabilities on application pool,'System!*[System,[Provider[@Name='Microsoft-Windows-IIS-W3SVC'] and (EventID=1086)]],*[System[Provider[@Name='Microsoft-Windows-IIS-W3SVC'] and (EventID=1086)]],'System!*[System[Provider[@Name=\'Microsoft-Windows-IIS-W3SVC\'] and (EventID=1086)]]'
Alert,System,PublisherNameEqualMicrosoft-Windows-WASEventDisplayNumberEqual5067,"<And><Expression><SimpleExpression><ValueExpression><XPathQuery Type=""String"">PublisherName</XPathQuery></ValueExpression><Operator>Equal</Operator><ValueExpression><Value Type=""String"">Microsoft-Windows-WAS</Value></ValueExpression></SimpleExpression></Expression><Expression><SimpleExpression><ValueExpression><XPathQuery>EventDisplayNumber</XPathQuery></ValueExpression><Operator>Equal</Operator><ValueExpression><Value>5067</Value></ValueExpression></SimpleExpression></Expression></And>",WA:This write action handle the alerts generation with description suppression applied in Windows Server 2012  ,1,1,Microsoft.Windows.InternetInformationServices.6.2.WWW.service.property.failed.range.validation,WWW service property failed range validation,'System!*[System,[Provider[@Name='Microsoft-Windows-WAS'] and (EventID=5067)]],*[System[Provider[@Name='Microsoft-Windows-WAS'] and (EventID=5067)]],'System!*[System[Provider[@Name=\'Microsoft-Windows-WAS\'] and (EventID=5067)]]'
